{
  "globals": {
    "EffectScope": true,
    "acceptHMRUpdate": true,
    "computed": true,
    "createApp": true,
    "createPinia": true,
    "customRef": true,
    "defineAsyncComponent": true,
    "defineComponent": true,
    "defineStore": true,
    "effectScope": true,
    "getActivePinia": true,
    "getCurrentInstance": true,
    "getCurrentScope": true,
    "h": true,
    "inject": true,
    "isProxy": true,
    "isReactive": true,
    "isReadonly": true,
    "isRef": true,
    "mapActions": true,
    "mapGetters": true,
    "mapState": true,
    "mapStores": true,
    "mapWritableState": true,
    "markRaw": true,
    "nextTick": true,
    "onActivated": true,
    "onBeforeMount": true,
    "onBeforeRouteLeave": true,
    "onBeforeRouteUpdate": true,
    "onBeforeUnmount": true,
    "onBeforeUpdate": true,
    "onDeactivated": true,
    "onErrorCaptured": true,
    "onMounted": true,
    "onRenderTracked": true,
    "onRenderTriggered": true,
    "onScopeDispose": true,
    "onServerPrefetch": true,
    "onUnmounted": true,
    "onUpdated": true,
    "provide": true,
    "reactive": true,
    "readonly": true,
    "ref": true,
    "resolveComponent": true,
    "resolveDirective": true,
    "setActivePinia": true,
    "setMapStoreSuffix": true,
    "shallowReactive": true,
    "shallowReadonly": true,
    "shallowRef": true,
    "storeToRefs": true,
    "toRaw": true,
    "toRef": true,
    "toRefs": true,
    "triggerRef": true,
    "unref": true,
    "useAttrs": true,
    "useCssModule": true,
    "useCssVars": true,
    "useHead": true,
    "useLink": true,
    "useRoute": true,
    "useRouter": true,
    "useSlots": true,
    "useStore": true,
    "watch": true,
    "watchEffect": true,
    "watchPostEffect": true,
    "watchSyncEffect": true
  }
}